https://www.maybournebeverlyhills.com/the-spa-at-the-maybourne/?utm_source=local-listings&amp;utm_medium=organic&amp;utm_campaign=local-listings,,
https://verabella.com/,,
https://krystynaseuropeanspa.com/,,
https://www.dorchestercollection.com/en/los-angeles/the-beverly-hills-hotel/spa/,,
http://www.thibiantbeverlyhills.com/,,
http://beverlyhills-spa.com/,,
https://www.facebook.com/Beverly-Hills-Styling-and-Spa-489445901251582/,,
http://www.paulasdayspa.com/,,
https://www.peninsula.com/en/beverly-hills/wellness/luxury-hotel-spa,,
https://www.truerest.com/locations/toledo,,
http://www.zoomandgroommobilepetspa.com/,,
http://www.portofinobeverlyhills.com/,,
https://www.cielspabeverlyhills.com/,,
https://www.waldorfastoriabeverlyhills.com/spa-wellness/,,
http://nky.woodhousespas.com/?utm_source=google&amp;utm_medium=yext,,
https://shelbebrookslmt.square.site/,,
http://ygboutiquespa.com/,,
http://mythrivespa.com/,,
https://locations.massageenvy.com/oklahoma/tulsa/8115-south-olympia-avenue-west.html?utm_source=GMB&amp;utm_medium=useractions&amp;utm_campaign=website,,
http://www.clarysagesalon.com/,,
https://kimnailspatulsa.com/,,
http://leefootcarespa.top/,,
https://m.facebook.com/luxurynailstulsahills/,,
http://brieshi.com/,,
http://lavishnailloungetulsa.com/,,
https://www.tulsasurgicalarts.com/,,
https://niny.top/list/vintage-salon-spa,,
https://m.facebook.com/profile.php?id=100063803643102&amp;fref=nf&amp;_rdr,,
https://vlassalon.com/,,
http://www.jaraherronsalon.com/,,
http://www.tranquilitynailsspa.com/,,
http://www.virtualnursern.org/,,
https://www.glotanning.com/location/broken-arrow,,
https://indigospasalontulsa.com/,,
https://thehillsspa.ca/,,
http://www.dimsoknails.com/,,
http://www.h2oasisfloatcenter.com/,,
https://streetapex.com/amazing-salon-ggfchag,,
http://hilldermatology.com/,,
http://lafleurnailsdayspatulsa.com/,,
https://jade-nails-and-spa-nail-salon.business.site/?m=true,,
http://avantitulsa.com/,,
https://kubiti.wordpress.com/nail-shop/?envy+nails+spa,,
http://www.sweetmianailspa.com/,,
http://www.lafusionspa.com/,,
http://poshspalounge.com/,,
https://www.facebook.com/rubynailstulsa/,,
https://kubiti.wordpress.com/nail-trends/?sunny+nail+spa,,
http://www.hobbssalonmedspa.com/,,
http://www.afterfxsalon.com/,,
http://www.browart23.com/,,
http://www.courtlandhotel.com/,,
http://okmedicalweightloss.com/,,
https://kubiti.wordpress.com/nail-trends/?vogue+nails+and+day+spa,,
https://website-444294035090471644529-nailsalon.business.site/?utm_source=gmb&amp;utm_medium=referral,,
https://miragepoolsok.com/,,
https://www.facebook.com/Complexions-Day-Spa-LLC-176401376312231/,,
https://www.vagaro.com/us04/epopbeauty,,
http://www.greenspaonthego.com/,,
https://m.facebook.com/Venicenailsbrokenarrow/,,
http://facebook.com/MajesticPoolsOKC,,
http://infinitynailstulsa.com/,,
https://www.genesishealthclubs.com/locations/woodlandhills.html?utm_source=GBP&amp;utm_medium=organic&amp;utm_campaign=location&amp;utm_content=GBP_location,,
https://www.fourseasons.com/beverlywilshire/spa/?seo=google_local_bev6_amer,,
http://royalty-nail-spa.poi.place/,,
http://hotelhills.ba/wellness-spa/,,
https://pronailsandspatulsa.com/,,
https://www.facebook.com/luxenailbarcherrystreet/,,
http://www.prestigepoolsandspasok.com/,,
http://www.tranquilityspawexford.com/,,
http://simpleskinspa.com/,,
https://www.spaonthehill.com/,,
https://www.shorerejuvenation.com/,,
http://www.redhotsspa.com/,,
http://regoparkspahh.com/,,
https://lunaspa001.wixsite.com/website,,
http://allaboutyousalondayspa.com/,,
https://www.spa-northwest.com/,,
http://www.hillsspa.com/spa/motoazabu.html,,
https://moorestownnj.spaviadayspa.com/,,
http://www.spaeliamontgomery.com/,,
https://www.beaurivage.com/en/amenities/spa-salon-and-fitness.html,,
https://www.buhlmansion.com/buhl-mansion-spa/,,
https://www.marriott.com/en-us/hotels/csgab-auburn-marriott-opelika-resort-and-spa-at-grand-national/overview/?scid=f2ae0541-1279-4f24-b197-a979c79310b0,,
http://naturalbody.com/,,
https://www.ihg.com/hotels/us/en/indianapolis/indbb/hoteldetail?cm_mmc=GoogleMaps-_-CW-_-US-_-INDBB,,
https://rtjspatrail.com/spa/the-spa-at-montgomery/,,
https://www.sewickleyspa.com/,,
http://www.scgskin.com/,,
https://www.bestwestern.com/en_US/book/hotel-rooms.11190.html?iata=00171880&amp;ssob=BLBWI0004G&amp;cid=BLBWI0004G:google:gmb:11190,,
https://www.pureluxespa.com/?utm_source=google&amp;utm_medium=organic&amp;utm_campaign=jill-maze,,
http://www.lindysatthebeach.com/,,
https://alexbradbury.co.uk/,,
https://lghealthandbeauty.business.site/,,
http://thespaatwillowpond.com/,,
http://www.danbradbury.com/,,
https://www.ihg.com/candlewood/hotels/us/en/indianapolis/indss/hoteldetail?cm_mmc=GoogleMaps-_-CW-_-US-_-INDSS,,
https://varsitypool.com/,,
https://alphapoolandsparepair.com/,,
http://www.spotfreepools.com/,,
http://californiadeckbuilders.com/about-us-2/,,
http://electrolysisbycathy.com/,,
http://thebeautydoctors.co.uk/,,
https://www.instagram.com/belladiosa__/,,
http://proautospamobile.com/,,
http://miraclehotspring.com/,,
https://daisyssalon.com.au/,,
http://anrpool.services/,,
https://www.clarkrubber.com.au/pages/pool-and-spa-service,,
http://www.burntwoodcourt.co.uk/,,
https://www.aunaturalebeauty.com.au/,,
http://www.transformnsw.com/,,
http://truebluepoolcare1.com/,,
https://the-furry-and-the-fabulous-grooming.business.site/,,
http://www.rspb.org.uk/thelodge,,
http://jaxonspoolservice.com/,,
http://www.dentspa.co.nz/,,
https://www.poolwerx.com.au/locations/nsw/poolwerx-Fairy-Meadow/?utm_source=gmb&amp;utm_medium=website&amp;utm_id=general_info,,
https://www.loewshotels.com/hollywood-hotel,,
https://www.hillier.co.uk/garden-centres/newbury/,,
http://idopools.com/,,
http://www.jimshorkeyuniontownkia.com/?utm_source=gmb&amp;utm_medium=Yext&amp;y_source=1_MTgwMjM3MjUtNzE1LWxvY2F0aW9uLndlYnNpdGU%3D,,
http://www.urbantailsgrooming.com.au/,,
https://www.hilton.com/en/hotels/laxhogi-hilton-garden-inn-los-angeles-hollywood/?SEO_id=GMB-AMER-GI-LAXHOGI&amp;y_source=1_MjA4MjkxNS03MTUtbG9jYXRpb24ud2Vic2l0ZQ%3D%3D,,
http://happy-and-relaxed.com/,,
http://www.sassymedspa.com/,,
http://oasisnailspaburbank.com/,,
https://www.healthybodymassageburbank.com/,,
http://www.pausestudio.com/,,
http://www.newskinla.com/,,
https://raorganicspa.com/,,
http://www.skinblvdla.com/,,
https://www.handandstoneculvercity.com/,,
http://www.gentlecarespa.com/,,
https://www.polishednailsalon.com/,,
https://placenearme.org/nail-trends/?fashion+nail+spa,,
http://inailsburbank.com/,,
http://www.dartesalon.com/,,
http://www.bbwax.com/,,
https://beauvantaesthetics.com/,,
http://littleparisnailandspastudio.com/,,
http://www.jentox.com/,,
https://thenineteen85.com/,,
https://www.polishmeprettynails.com/,,
https://www.nailgarden.com/locations/,,
http://www.vagaro.com/skinupgrade,,
http://rebornbeautyinc.com/,,
http://www.vanityprivatestudio.com/,,
http://www.valanciagahb.com/,,
https://tulip-salon-nail-salon.business.site/,,
https://agedefymd.com/,,
http://www.descansogardenspa.com/,,
http://www.myvspa.com/,,
http://salonrepublic.com/burbank/,,
http://www.decielospa.com/,,
http://kingspetgrooming.com/,,
https://www.thebodysculptla.com/,,
http://www.burkewilliamsspa.com/,,
http://facialsbysharon.skincaretherapy.net/,,
https://www.instagram.com/goldenbeautytreatment/,,
http://skincarebylynette.com/,,
http://www.rebootorganicspa.com/,,
http://www.mediacitysun.com/,,
https://www.massagerxla.com/,,
http://www.oakspaca.com/,,
http://cellaskincare.com/,,
http://calabasasdentalspa.com/,,
http://www.bellaskinbar.net/,,
http://www.spa-connections.com/,,
https://spadayorganicswh.com/,,
http://www.bestfaceandbody.com/,,
https://onsitemedspa.com/?utm_source=gmb&amp;utm_medium=organic&amp;utm_campaign=gmb-website,,
http://ellevemedspa.com/,,
https://amagictouchmobilemassage.com/southern-california-massage/,,
https://islandfootspaca.business.site/?utm_source=gmb&amp;utm_medium=referral,,
http://glamspabyshannique.com/,,
http://www.labelleviemedspa.com/,,
http://www.losangelespoolandspa.com/,,
http://livefreewellness.org/,,
https://ensele.com/,,
https://natimelsalon.com/,,
https://nbgad2022.wixsite.com/asia-spa-ca,,
http://dripology.co/,,
https://www.ahsiv.com/,,
http://relaxislandmassage.toprelaxislandmassage.top/,,
https://cienegaspa.com/,,
https://chirospamalibu.business.site/,,
http://www.thebekindstudios.com/,,
https://gooddogmobilespa.com/,,
https://www.choicehotels.com/california/calabasas/cambria-hotels/caf60?mc=llgoxxpx,,
https://kikastretchstudios.com/stretch-studio/california/calabasas,,
https://www.goodniteinnmalibu.com/,,
http://www.rahataheri.com/,,
http://www.spectrumpoolcare.com/spec-hot-tub-repair.html,,
https://massagetherapistwestlakevillage.com/,,
https://yofimedspa.com/,,
https://www.laseraway.com/locations/ca/woodland-hills/,,
http://www.thenaturallybare.com/,,
https://ghrproducts.com/,,
http://www.456poolservice.com/,,
http://puredetoxwellnessspala.com/,,
https://drosman.com/calabasas-location/,,
http://bluboypoolandspa.com/,,
https://www.facebook.com/pages/Passion-Nail-Salon/152057518169127,,
https://www.moallef.com/,,
http://www.beautybykaroly.com/contact,,
http://www.leveluppoolandspa.com/,,
http://estateswimmingpoolservice.com/,,
https://abc-pool-and-spa-repairs-swimming-pool-contractor.business.site/?utm_source=gmb&amp;utm_medium=referral,,
https://1808986162wzn.wixsite.com/carsonfootmassage,,
http://www.mirakomedspa.com/,,
https://placenearme.org/nail-trends/?Professional+Spa,,
https://pausestudio.com/,,
https://beverlyathletic.com/spa/,,
https://christinasmedspa.com/,,
https://www.facebook.com/cloudcaninegrooming/,,
https://www.sianaaesthetics.com/,,
https://www.nailsandcospa.com/,,
https://beverlynailsandspanc.com/,,
http://www.beverlydogspa.com/,,
https://www.shoprescuespa.com/,,
https://beverlynailspacharlotte.com/,,
http://www.lemamobili.com/,,
https://www.insideouthw.com/,,
http://www.maisonesthetique.net/,,
http://www.beverlyhotsprings.com/,,
http://www.donnabradbury.com/,,
https://bradburyco.square.site/,,
https://www.maine.gov/cgi-bin/online/doc/parksearch/details.pl?park_id=12,,
https://m.facebook.com/Charming1490/?ref=bookmarks,,
https://www.laconservancy.org/locations/bradbury-building,,
https://www.bestwestern.com/en_US/book/hotel-rooms.11178.html?iata=00171880&amp;ssob=BLBWI0004G&amp;cid=BLBWI0004G:google:gmb:11178,,
https://www.instagram.com/shivaloka.bodywork.brooklyn/,,
https://avnell.wixsite.com/avnelbeautyandspa,,
http://www.bradburyheatingair.com/,,
http://www.active-med.ca/,,
https://www.hollandresidential.com/ca/san-diego/bradbury-at-the-society,,
http://bradburyartmuseum.org/,,
http://www.allaboutusalon.com/,,
https://americanspas.godaddysites.com/,,
https://www.bredburyhall-hotel.com/,,
http://vstexclusivespasalon.com/,,
http://www.bradburyfields.org.uk/,,
https://www.neuehouse.com/houses/bradbury/,,
http://bypcal.com/,,
http://www.bradburyhouse.co.uk/,,
http://richardbradbury.com/,,
http://whiteswanspas.com/,,
http://brooklyn-massage.square.site/,,
http://www.bradbury.com/,,
http://thebradbury.com.au/,,
http://www.bradburrys.in/,,
https://www.runnymedehotel.com/?utm_source=google&amp;utm_medium=organic&amp;utm_campaign=google_local,,
https://thecornwall.com/?utm_source=google&amp;utm_medium=local&amp;utm_campaign=gmblisting,,
http://www.spastore.com.au/,,
http://pooltastic.com.au/,,
https://www.bathspa.ac.uk/,,
https://www.camdencountrypools.com.au/,,
https://www.skingeek.co.uk/,,
https://www.poolwerx.com.au/locations/nsw/poolwerx-Ingleburn/?utm_source=gmb&amp;utm_medium=website&amp;utm_id=general_info,,
http://joand.co.uk/,,
https://www.lajitasgolfresort.com/,,
https://www.serco.com/uk/sector-expertise/citizen-services/leisure-services,,
http://www.chabamassage.com/,,
https://www.naturesmoonspa.com/,,
http://www.burbankmassagetherapy.com/,,
https://fixmeupla.com/,,
https://placenearme.org/nail-trends/?eden+nails+%26+spa,,
https://placenearme.org/nail-trends/?unique+nails+%26+spa+salon,,
https://placenearme.org/nail-trends/?lotus+nail+spa,,
http://www.amoroussalon.com/,,
https://a-nails-spa-nail-salon.business.site/,,
https://www.skinmatrx.com/?utm_source=GMBlisting&amp;utm_medium=organic&amp;utm_campaign=gmb,,
https://kaylee-organic-nails-spa.business.site/,,
http://www.amazingmassagefingers.com/,,
https://www.7qspa.com/,,
http://www.thecomplexionapothecary.com/,,
http://www.theroomorganic.com/,,
http://blossomspahollywood.com/,,
https://locations.massageenvy.com/california/los-angeles/5077-lankershim-blvd.html?utm_source=GMB&amp;utm_medium=useractions&amp;utm_campaign=website,,
https://placenearme.org/nail-trends/?vibe+nail+bar,,
http://www.skinnaesthete.com/,,
https://theravenspa.com/,,
http://www.flirtsalon.net/,,
https://myspapura.com/,,
http://www.spala.us/,,
https://burbankpoolandspa.squarespace.com/,,
https://theelitebeautybar.business.site/?utm_source=gmb&amp;utm_medium=referral,,
http://www.hidekospa.com/,,
https://larchmontsanctuary.com/,,
http://thecjgrandspa.com/,,
https://placenearme.org/nail-trends/?the+nail+spa,,
https://launastonern.com/,,
http://malibucanyonmedspa.com/,,
https://www.skinbio.co/,,
http://fringeiq.com/,,
https://sevlaser.com/calabasas/,,
http://www.calabasasautospa.com/,,
https://capri-nail-spa-nail-salon.business.site/?utm_source=gmb&amp;utm_medium=referral,,
http://www.naildsalon.com/,,
https://newlifespa.net/,,
https://lavenderorganicspa.com/,,
http://www.nuestheticsspa.com/,,
https://mindandbodyspallc.com/,,
https://www.medicalspashermanoaks.com/,,
http://www.skinbio.co/,,
https://www.siennaskincare.com/,,
https://www.theanzahotel.com/,,
http://t-k-nails-calabasas.jany.io/,,
http://www.calabasasdermcenter.com/?utm_source=GMBlisting&amp;utm_medium=organic&amp;utm_campaign=gmb,,
https://cqnailscalabasas.com/,,
https://www.hilton.com/en/hotels/burcagi-hilton-garden-inn-calabasas/?SEO_id=GMB-AMER-GI-BURCAGI&amp;y_source=1_MjA4MzI1OS03MTUtbG9jYXRpb24ud2Vic2l0ZQ%3D%3D,,
https://salonnuuvo.com/?utm_source=GMB_Salon_Nuuvo&amp;utm_medium=organic,,
http://www.theskinconnection.com/,,
http://salonbae.com/,,
http://www.westhillsnailspa.com/,,
http://www.pawmobilespa.com/,,
http://www.ruthswissa.com/,,
https://www.westlakevillageinn.com/spa/,,
http://sspetresort.com/,,
http://suryaspa.com/,,
https://www.fourseasons.com/westlakevillage/?seo=google_local_wes1_amer,,
http://mybeautytruck.com/,,
https://cabo-pool-and-spa-service.business.site/,,
https://placenearme.org/nail-trends/?new+york+nails+%26+skin+care+spa,,
http://zendayspa.top/,,
http://www.glenivy.com/,,
https://california-premiere-pool-spa.ueniweb.com/?utm_campaign=gmb,,
http://www.goldcoastpoolandspa.com/,,
"https://www.handandstonebrea.com/	",,
https://www.cerritosnailsspa.com/,,
https://www.yourspaartesia.com/,,
https://www.lanailspasalon.com/,,
http://www.skinbybareskinbeauty.com/,,
http://hiteknailscerritos.com/,,
,,
https://www.ulta.com/stores/cerritos-ca-155,,
https://www.haveagooddayspa.com/general-8,,
http://www.divineroyaltymassage.net/,,
https://www.laseraway.com/locations/ca/cerritos/,,
http://www.instagram.com/qqhair_nails,,
http://www.elitenailbars.com/,,
http://the-elite-massage.business.site/,,
https://placenearme.org/nail-trends/?elegant+nail+spa,,
http://iammedspa.com/,,
https://www.marriott.com/en-us/hotels/lgbsi-sheraton-cerritos-hotel/overview/?scid=f2ae0541-1279-4f24-b197-a979c79310b,,
https://www.supercuts.com/checkin/8160,,
https://booking.gocheckin.net/11089/appointment/book,,
http://healthymassagefoot.wix.com/90716,,
https://www.sephora.com/happening/stores/los-cerritos-center?utm_source=gmb&amp;utm_medium=Yext,,
https://www.lushusa.com/?utm_source=google&amp;utm_medium=gmb&amp;utm_campaign=customer_actions&amp;utm_content=321&amp;y_source=1_MTc0NDk3ODItNzE1LWxvY2F0aW9uLndlYnNpdGU%3D,,
https://www.nordstrom.com/store-details/nordstrom-los-cerritos-center?utm_source=google&amp;utm_medium=organic&amp;utm_campaign=fls&amp;utm_content=322&amp;utm_channel=low_nd_seo_local&amp;sp_source=google&amp;sp_campaign=fls,,
https://www.bathandbodyworks.com/?cm_mmc=local_BBW01600,,
http://vipnailslounge.com/,,
"https://norwalk-massage-therapy.business.site/	Rated 3.8 out of 5",,
"https://kubiti.wordpress.com/nail-trends/?pro+cypress+nails+spa	Rated 4.4 out of 5",,
"https://www.nuskin.com/en_US/home.html				",,
"https://kubiti.wordpress.com/nail-trends/?q=elegance+nails+spa	Rated 4.9 out of 5",,
"https://www.choicehotels.com/california/artesia/rodeway-inn-hotels/cab67?mc=llgoxxpx	Rated 3.5 out of 5",,
"https://stores.petco.com/ca/cerritos/full-service-grooming-cerritos-ca-1128.html	Rated 4.8 out of 5",,
http://www.painreliefcliniccerritos.com/,,
"http://www.connieskincare.com/				",,
http://beautyestheticandspabykeysiruiz.com/?utm_source=gmb&amp;utm_medium=referral,,
https://www.solasalonstudios.com/locations/beverly?utm_source=gmb&amp;utm_medium=organic,,
https://kubiti.wordpress.com/nail-trends/?emily%27s+nails+spa,,
http://www.everythingsrelativesalon.com/,,
http://beverly-nail-spa.edan.io/,,
https://www.facebook.com/groups/vipnailvibeswithvee/?ref=share,,
http://beverlynailspa.com/,,
http://beverly-nails-north-lv.jany.io/,,
http://beverlyhillsnailsalonbanksville.com/,,
https://beverlyhillsdayspa.com/,,
https://3sixty5nailstudio.com/,,
https://kubiti.wordpress.com/nail-trends/?q=beverly+nails+and+spa,,
https://bhillsnailclub.business.site/,,
https://www.etsy.com/shop/beverlysjewelrybox?ref=l2-shopheader-name,,
https://www.beverlynailssparaleigh.com/,,
http://fancynailsspa2.com/,,
https://milkandhoneyspa.com/?utm_source=google&amp;utm_medium=organic&amp;utm_campaign=gmb-listing&amp;utm_content=2-street-district,,
http://beverly-nail-studio.poi.place/,,
https://levernisnailbeverly.com/,,
http://instagram.com/beverlydayspa_204rantoul,,
https://placenearme.org/nail-trends/?beverly+nails,,
http://beverly-nails-spa-waxing.business.site/,,
https://milkandhoneyspa.com/?utm_source=google&amp;utm_medium=organic&amp;utm_campaign=gmb-listing&amp;utm_content=river-oaks,,
http://thebeverleyspa.com/,,
https://kubiti.blog/nail-trends/?beverly-nails,,
http://www.castlehillslashandnail.com/,,
http://www.thenailstudio23.com/,,
https://classynailsspa.us/,,
https://kubiti.wordpress.com/nail-trends/?park+hill+nails,,
https://www.facebook.com/greenhillsnailspa4121,,
https://radiant-nails-nail-salon.business.site/?utm_source=gmb&amp;utm_medium=referral,,
https://easthillnailspa.setmore.com/,,
https://castle-hills-nails-and-spa.business.site/,,
https://happynailsfortworth.com/,,
https://placefestival.top/fashion-nails-wyfqry0,,
https://ofwea.com/pinnacle-nail-spa-cvrzm5g.html,,
http://spaavalonnails.com/,,
http://toptennailsspatulsa.com/,,
http://paintnailbar.com/,,
https://www.highqualitynailspa.com/,,
http://signaturenailspakc.com/,,
https://m.facebook.com/MintNailsSpa/,,
http://glossnailsalon.com/,,
https://regalianailsandspaaustin.com/,,
https://www.facebook.com/PassionNailsBrokenArrowOK/,,
https://www.poshnailnashville.com/,,
https://5thnailloungespringhill.com/,,
http://castleluxuryspa.com/,,
http://www.divinenailstulsa.com/,,
https://kubiti.wordpress.com/nail-trends/?miracle+nail+salon,,
https://kubiti.wordpress.com/nail-trends/?nail+tip+spa,,
https://kubiti.wordpress.com/nail-trends/?q=tns+nails,,
https://www.facebook.com/LaReine-Nails-And-Bar-316840082143195/,,
http://nailworldandspa.com/,,
https://www.facebook.com/SpringHillNailSpa37174,,
https://kubiti.wordpress.com/nail-trends/?nail+palace,,
http://www.blissnailsbar.com/,,
https://www.facebook.com/purenailsbrokenarrow/,,
https://www.facebook.com/profile.php?id=100048613224108,,
https://lapetitenailspastlouis.com/,,
https://topnailsalonatlanta.com/,,
http://www.hairemandnailem.com/,,
https://oasisnailspa.com/,,
https://kubiti.blog/nail-trends/?Le+Monde+Nails,,
https://placenearme.org/nail-trends/?studio+nail,,
https://desirenailspa.mypixieset.com/,,
http://www.edmondnailsalon.com/nails,,
http://nailhairbar.com/,,
http://organicnailhouse.com/?utm_source=gmb&amp;utm_medium=referral,,
https://astudio-nails.square.site/,,
http://www.michaelssalon.com/,,
http://nailsdeville.com/,,
https://www.nailinkandspa.com/,,
https://placenearme.org/nail-trends/?cosmo+nails,,
https://pretty-nails-1.ueniweb.com/,,
http://instagram.com/sublime_beauty_la,,
http://lovely-nails-burbank.jany.io/,,
https://www.queennails.salon/,,
https://placenearme.org/nail-trends/?modern+nails,,
https://placenearme.org/nail-trends/?prestige+salon,,
https://placenearme.org/nail-trends/?queen+b+nail+salon,,
https://starnailspa.net/,,
https://placenearme.org/nail-trends/?calabasas+nails+spa,,
https://placenearme.org/nail-trends/?t+k+nail+salon,,
https://nailsalonglendale.com/,,
http://naildit.com/,,
https://www.laspaonthego.com/,,
http://www.saloncreerandspa.com/,,
https://www.beautiquenailbrow.com/,,
https://placenearme.org/nail-trends/?bliss+nail+bar,,
https://bookedin.com/book/the-nail-shop-1,,
https://cixy.top/tam-nails,,
http://mypabl.com/,,
https://www.facebook.com/cherilynsonshelby/,,
https://www.facebook.com/Leahsnailshop/?rf=272526356260176,,
https://booking.gocheckin.net/v2/14080,,
https://kevinsnailscarson.com/,,
https://long-lasting-nails.business.site/,,
http://jadorenailbarcarson.com/,,
https://gossipandnailspa.com/,,
https://www.thelacquerlounge.com/,,
http://www.essencesalonandnailspa.com/,,
http://www.regalnails.com/,,
http://contentednailparlor.com/,,
https://cixy.top/hands-and-feet-nail-spa,,
https://bellacionailsspa.com/,,
http://instagram.com/lovelynailscypress,,
http://escapesalonclaremont.com/,,
https://glamournailscerritos.com/,,
https://kubiti.wordpress.com/nail-trends/?galaxy+nail+salon,,
https://handsdowntoo.com/,,
https://placenearme.org/nail-trends/?my+escape+nail+spa,,
http://www.happynails.com/,,
http://facebook.com/thehotspotclaremont,,
https://ambiancespaandsalon.com/,,
https://placenearme.org/nail-trends/?nail+spa,,
https://website--414438531515684072869-nailsalon.business.site/,,
http://poshnailloungecommerce.com/,,
http://www.claremontspaboutique.com/,,
https://salonluxeonline.wordpress.com/,,
https://bloomingnailsandspasandiego.com/,,
https://stnailloungepomona.business.site/,,
https://claremont-nails-waxing.business.site/,,
https://xo-nails-spa.business.site/,,
https://kubiti.wordpress.com/nail-trends/?nails+on+LA,,
https://bebehairbeautysupply.com/,,
https://kubiti.wordpress.com/nail-trends/?c+t+nails+spa,,
https://neix.top/le-nails,,
https://dripping-ininches.myshopify.com/,,
https://kubiti.wordpress.com/nail-trends/?chrome+nails+bar,,
https://www.facebook.com/EMA-Nails-2196507330575788/,,
http://www.cherryblossomnaillounge.com/,,
http://beautybarandnailspa.com/,,
https://amorebeautyloungecompton.com/,,
http://royalnailspacovina.com/,,
https://placenearme.org/nail-trends/?bella+vous+nail+spa,,
https://www.instagram.com/kknailscovina/,,
http://www.facebook.com/couture.nails.spa,,
https://kubiti.wordpress.com/nail-trends/?top+nail+salon,,
http://longnailcovina.com/,,
http://signaturenailswc.com/,,
853 S Glendora Ave,,
http://uptownimagesalonandspa.com/,,
http://eva-nail.edan.io/,,
http://friday-beauty-salon.edan.io/,,
http://www.curlicue.rocks/,,
https://placenearme.org/nail-trends/?cathy%27s+nail+salon,,
http://www.happinessnailsspa.com/,,
http://greatestnailswestcovina.com/,,
https://phenixsalonsuites.com/locations-detail/?id=258,,
https://kubiti.wordpress.com/nail-trends/?alpha+nails+salon,,
http://www.instagram.com/looks.by.lucy,,
http://cherienailsglendora.com/,,
http://malloryvu.com/,,
http://connienailsspasandimas.com/,,
http://www.facialsonline.com/,,
http://polishednailsspaglendora.com/,,
https://m.facebook.com/decosalonbayview/,,
http://www.nolanailsandspa.com/,,
http://studionailsbayview.com/,,
https://m.facebook.com/pages/Nail-Express-Ll/167095563304319,,
http://top-nails-oak-creek.edan.io/,,
https://m-nail-lounge.business.site/?utm_source=gmb&amp;utm_medium=referral,,
http://www.xonails.salon/,,
https://square.site/book/4WPA2Z26DJVJR/coquettish-nail-salon-milwaukee-wi,,
http://nailbarmke.com/,,
https://www.atmdepot.com/,,
https://sasshaye.ueniweb.com/?utm_campaign=gmb,,
https://cudahynailsalon.com/,,
http://www.nailartgallery.co/,,
http://www.tranquilitycudahy.com/,,
http://www.mirrormirrorwi.com/,,
https://nailed-by-anna.business.site/?utm_source=gmb&amp;utm_medium=referral,,
https://web.facebook.com/Epic-Nail-Spa-204775496212431/,,
https://sofy.top/ellie-nail-spa,,
http://jtcrylixx.glossgenius.com/,,
http://www.lakesidehairstudio.net/,,
http://www.caressabeautysalon.com/,,
https://world-of-nails.business.site/?utm_source=gmb&amp;utm_medium=referral,,
https://maply.top/artistic-nail-salon,,
https://kubiti.wordpress.com/nail-trends/?diamond+nails,,
https://msha.ke/moinailsstudio,,
https://www.instagram.com/getnails2015/,,
https://www.facebook.com/TheNailsPlaza/,,
https://website-2471144919788266142152-nailsalon.business.site/,,
http://placenearme.org/nail-trends/?q=Diamond+nail+bar,,
https://essellenails.com/,,
http://www.diamondnailsspalubbock.com/manicure-pedicure-nail-salon-coupon-lubbock-tx/,,
,,
,,
,,
,,
,,
,,
,,
,,
,,
,,
,,
,,
,,
,,
,,
,,
,,
,,
,,
,,
,,
,,
,,
,,
,,
,,
,,
,,
,,
,,
,,
,,
,,
,,
,,
,,
,,
,,
,,
,,
,,
,,
,,
,,
,,
,,
,,
,,
,,
,,
,,
,,
,,
,,
,,
,,
,,
,,
,,
,,
,,
,,
,,
,,
,,
,,
,,
,,
, West Covina, CA 91790
